url,title,price,"08/18/2022, 17:47","08/18/2022, 19:01","08/18/2022, 19:46","08/18/2022, 23:58","08/19/2022, 08:53","08/19/2022, 18:56","08/20/2022, 01:18","08/20/2022, 03:50","08/21/2022, 19:48","08/21/2022, 21:09","08/22/2022, 10:31","08/22/2022, 21:20"
https://www.flipkart.com/morphy-richards-30-l-200-auto-cook-menu-convection-microwave-oven/p/itmdwys8pahhpfap?pid=MRCDWYS5ATGJHVPJ&lid=LSTMRCDWYS5ATGJHVPJZRD04S&marketplace=FLIPKART&q=convection+microwave+oven&store=search.flipkart.com%2Fj9e%2Fm38%2Fo49&srno=s_1_1&otracker=AS_QueryStore_OrganicAutoSuggest_2_14_na_na_na&otracker1=AS_QueryStore_OrganicAutoSuggest_2_14_na_na_na&fm=organic&iid=en_3Jjkfmrn9UHecwmG%2B0IdSK9rCwL5km3RroDKl8%2BlyIHXAg0QZklO2SMLgLsFi5QFZ6Enp6hIXCAJexLzyxe29A%3D%3D&ppt=None&ppn=None&ssid=pu1e83d0mo0000001660163807352&qH=13c5528d0fa99c03,Morphy Richards 30 L 200 Auto cook menu Convection Microwave Oven,14999,9999,9999,9999,9999.0,9999,9999,9999.0,9999,9999,9999,9999,9999
https://www.flipkart.com/lg-32-l-convection-microwave-oven/p/itmegvvbghgbw6kf?pid=MRCEGVVBSGYFZ4FN&lid=LSTMRCEGVVBSGYFZ4FNUXUUI7&marketplace=FLIPKART&q=convection+microwave+oven&store=search.flipkart.com%2Fj9e%2Fm38%2Fo49&srno=s_1_2&otracker=AS_QueryStore_OrganicAutoSuggest_2_14_na_na_na&otracker1=AS_QueryStore_OrganicAutoSuggest_2_14_na_na_na&fm=organic&iid=en_3Jjkfmrn9UHecwmG%2B0IdSK9rCwL5km3RroDKl8%2BlyIH%2FxL%2BGYA6Y8zg4zwboCqZQpQp1wClsikCOq8Kqu68tTA%3D%3D&ppt=None&ppn=None&ssid=pu1e83d0mo0000001660163807352&qH=13c5528d0fa99c03,LG 32 L Convection Microwave Oven,15990,15990,15990,15990,15990.0,15990,15990,9499.0,15990,15990,15990,15990,15990
https://www.flipkart.com/ifb-23-l-convection-microwave-oven/p/itmdwmvzgvtbzcnz?pid=MRCDWK8TTHVHW3WY&lid=LSTMRCDWK8TTHVHW3WYAU7NOA&marketplace=FLIPKART&q=convection+microwave+oven&store=search.flipkart.com%2Fj9e%2Fm38%2Fo49&srno=s_1_3&otracker=AS_QueryStore_OrganicAutoSuggest_2_14_na_na_na&otracker1=AS_QueryStore_OrganicAutoSuggest_2_14_na_na_na&fm=organic&iid=0f40ac09-e8e5-4634-890e-5dae8dc82021.MRCDWK8TTHVHW3WY.SEARCH&ppt=None&ppn=None&ssid=pu1e83d0mo0000001660163807352&qH=13c5528d0fa99c03,IFB 23 L Convection Microwave Oven,9499,9499,9499,9499,9499.0,9499,9499,13749.0,9499,9499,9499,9499,9499
https://www.flipkart.com/ifb-30-l-convection-microwave-oven/p/itmeftrwhzzy5kyv?pid=MRCEFTRWADS3GCK4&lid=LSTMRCEFTRWADS3GCK4QK0J4B&marketplace=FLIPKART&q=convection+microwave+oven&store=search.flipkart.com%2Fj9e%2Fm38%2Fo49&srno=s_1_4&otracker=AS_QueryStore_OrganicAutoSuggest_2_14_na_na_na&otracker1=AS_QueryStore_OrganicAutoSuggest_2_14_na_na_na&fm=organic&iid=0f40ac09-e8e5-4634-890e-5dae8dc82021.MRCEFTRWADS3GCK4.SEARCH&ppt=None&ppn=None&ssid=pu1e83d0mo0000001660163807352&qH=13c5528d0fa99c03,IFB 30 L Convection Microwave Oven,13749,13749,13749,13749,13749.0,13749,13749,11890.0,13749,13749,13749,13749,13749
https://www.flipkart.com/ifb-23-l-convection-microwave-oven/p/itmef2ztequxvqa9?pid=MRCEF2ZSTQU9QBHT&lid=LSTMRCEF2ZSTQU9QBHTMPZM8L&marketplace=FLIPKART&q=convection+microwave+oven&store=search.flipkart.com%2Fj9e%2Fm38%2Fo49&srno=s_1_5&otracker=AS_QueryStore_OrganicAutoSuggest_2_14_na_na_na&otracker1=AS_QueryStore_OrganicAutoSuggest_2_14_na_na_na&fm=organic&iid=0f40ac09-e8e5-4634-890e-5dae8dc82021.MRCEF2ZSTQU9QBHT.SEARCH&ppt=None&ppn=None&ssid=pu1e83d0mo0000001660163807352&qH=13c5528d0fa99c03,IFB 23 L Convection Microwave Oven,11299,11890,11890,11890,11890.0,11890,11890,11890.0,11890,11299,11299,11299,11299
https://www.flipkart.com/lg-28-l-convection-microwave-oven/p/itmf3mhkhbwyv64h?pid=MRCF2UQHU8RQY4TT&lid=LSTMRCF2UQHU8RQY4TTTJVQFO&marketplace=FLIPKART&q=convection+microwave+oven&store=search.flipkart.com%2Fj9e%2Fm38%2Fo49&srno=s_1_6&otracker=AS_QueryStore_OrganicAutoSuggest_2_14_na_na_na&otracker1=AS_QueryStore_OrganicAutoSuggest_2_14_na_na_na&fm=organic&iid=0f40ac09-e8e5-4634-890e-5dae8dc82021.MRCF2UQHU8RQY4TT.SEARCH&ppt=None&ppn=None&ssid=pu1e83d0mo0000001660163807352&qH=13c5528d0fa99c03,LG 28 L Convection Microwave Oven,11890,11890,11890,11890,11890.0,11890,11890,15390.0,11890,11890,11890,11890,11890
https://www.flipkart.com/lg-28-l-convection-microwave-oven/p/itmejy9afxsgvzvh?pid=MRCEJY9AF8FJRZTB&lid=LSTMRCEJY9AF8FJRZTB4QNSB9&marketplace=FLIPKART&q=convection+microwave+oven&store=search.flipkart.com%2Fj9e%2Fm38%2Fo49&srno=s_1_7&otracker=AS_QueryStore_OrganicAutoSuggest_2_14_na_na_na&otracker1=AS_QueryStore_OrganicAutoSuggest_2_14_na_na_na&fm=organic&iid=0f40ac09-e8e5-4634-890e-5dae8dc82021.MRCEJY9AF8FJRZTB.SEARCH&ppt=None&ppn=None&ssid=pu1e83d0mo0000001660163807352&qH=13c5528d0fa99c03,LG 28 L Convection Microwave Oven,15339,15390,15390,15390,15390.0,15390,15390,15490.0,15390,15339,15339,15339,15339
https://www.flipkart.com/samsung-28-l-convection-microwave-oven/p/itm2f7daba92aca8?pid=MRCGDAVXZXKCNBB8&lid=LSTMRCGDAVXZXKCNBB8X49XT5&marketplace=FLIPKART&q=convection+microwave+oven&store=search.flipkart.com%2Fj9e%2Fm38%2Fo49&srno=s_1_8&otracker=AS_QueryStore_OrganicAutoSuggest_2_14_na_na_na&otracker1=AS_QueryStore_OrganicAutoSuggest_2_14_na_na_na&fm=organic&iid=en_3Jjkfmrn9UHecwmG%2B0IdSK9rCwL5km3RroDKl8%2BlyIF0reuKBupa4j3x%2F%2Bvy98d92xbOPFuovixdr4bhuWnDPQ%3D%3D&ppt=None&ppn=None&ssid=pu1e83d0mo0000001660163807352&qH=13c5528d0fa99c03,SAMSUNG 28 L Convection Microwave Oven,20990,15490,15490,15490,15490.0,15490,15490,14299.0,15490,15490,15490,15490,15490
https://www.flipkart.com/ifb-30-l-convection-microwave-oven/p/itmeftrwdw5pmwnh?pid=MRCEFTRWYHXDHPDA&lid=LSTMRCEFTRWYHXDHPDASMR2RU&marketplace=FLIPKART&q=convection+microwave+oven&store=search.flipkart.com%2Fj9e%2Fm38%2Fo49&srno=s_1_9&otracker=AS_QueryStore_OrganicAutoSuggest_2_14_na_na_na&otracker1=AS_QueryStore_OrganicAutoSuggest_2_14_na_na_na&fm=organic&iid=0f40ac09-e8e5-4634-890e-5dae8dc82021.MRCEFTRWYHXDHPDA.SEARCH&ppt=None&ppn=None&ssid=pu1e83d0mo0000001660163807352&qH=13c5528d0fa99c03,IFB 30 L Convection Microwave Oven,14299,14299,14299,14299,14299.0,14299,14299,12419.0,14299,14299,14299,14299,14299
https://www.flipkart.com/ifb-30-l-metallic-silver-convection-microwave-oven/p/itmd607412b4f3e1?pid=MRCEF2ZSFDCNBPZ5&lid=LSTMRCEF2ZSFDCNBPZ5DCGSON&marketplace=FLIPKART&q=convection+microwave+oven&store=search.flipkart.com%2Fj9e%2Fm38%2Fo49&srno=s_1_10&otracker=AS_QueryStore_OrganicAutoSuggest_2_14_na_na_na&otracker1=AS_QueryStore_OrganicAutoSuggest_2_14_na_na_na&fm=organic&iid=0f40ac09-e8e5-4634-890e-5dae8dc82021.MRCEF2ZSFDCNBPZ5.SEARCH&ppt=None&ppn=None&ssid=pu1e83d0mo0000001660163807352&qH=13c5528d0fa99c03,IFB 30 L Metallic silver Convection Microwave Oven,12749,12749,12749,12749,12749.0,12749,12419,16149.0,12419,12419,12419,12419,12749
https://www.flipkart.com/lg-32-l-convection-microwave-oven/p/itmegvvbwfgdfysz?pid=MRCEGVVBVVT8VT8J&lid=LSTMRCEGVVBVVT8VT8JIVBOFX&marketplace=FLIPKART&q=convection+microwave+oven&store=search.flipkart.com%2Fj9e%2Fm38%2Fo49&srno=s_1_11&otracker=AS_QueryStore_OrganicAutoSuggest_2_14_na_na_na&otracker1=AS_QueryStore_OrganicAutoSuggest_2_14_na_na_na&fm=organic&iid=0f40ac09-e8e5-4634-890e-5dae8dc82021.MRCEGVVBVVT8VT8J.SEARCH&ppt=None&ppn=None&ssid=pu1e83d0mo0000001660163807352&qH=13c5528d0fa99c03,LG 32 L Convection Microwave Oven,16149,16149,16149,16149,16149.0,16149,16149,11990.0,16149,16149,16149,16149,16149
https://www.flipkart.com/panasonic-27-l-convection-microwave-oven/p/itmegz8zzy66feze?pid=MRCEGZ8Y8X6FNTQU&lid=LSTMRCEGZ8Y8X6FNTQUFO8MID&marketplace=FLIPKART&q=convection+microwave+oven&store=search.flipkart.com%2Fj9e%2Fm38%2Fo49&srno=s_1_12&otracker=AS_QueryStore_OrganicAutoSuggest_2_14_na_na_na&otracker1=AS_QueryStore_OrganicAutoSuggest_2_14_na_na_na&fm=organic&iid=0f40ac09-e8e5-4634-890e-5dae8dc82021.MRCEGZ8Y8X6FNTQU.SEARCH&ppt=None&ppn=None&ssid=pu1e83d0mo0000001660163807352&qH=13c5528d0fa99c03,Panasonic 27 L Convection Microwave Oven,11990,11990,11990,11990,11990.0,11990,11990,13499.0,11990,11990,11990,11990,11990
https://www.flipkart.com/ifb-30-l-oil-free-cooking-microwave-steam-clean-convection-oven/p/itmfhyzgaexgyxfa?pid=MRCFHYZGFYCJCJWG&lid=LSTMRCFHYZGFYCJCJWGJXUD8E&marketplace=FLIPKART&q=convection+microwave+oven&store=search.flipkart.com%2Fj9e%2Fm38%2Fo49&srno=s_1_13&otracker=AS_QueryStore_OrganicAutoSuggest_2_14_na_na_na&otracker1=AS_QueryStore_OrganicAutoSuggest_2_14_na_na_na&fm=organic&iid=0f40ac09-e8e5-4634-890e-5dae8dc82021.MRCFHYZGFYCJCJWG.SEARCH&ppt=None&ppn=None&ssid=pu1e83d0mo0000001660163807352&qH=13c5528d0fa99c03,IFB 30 L Oil free cooking microwave with steam clean Convection Microwave Oven,13499,13499,13499,13499,13499.0,13499,13499,15490.0,13499,13499,13499,13499,15490
https://www.flipkart.com/samsung-28-l-convection-microwave-oven/p/itmf84rwn3wthzpn?pid=MRCF64JSEEVHNGGK&lid=LSTMRCF64JSEEVHNGGKM0RJX6&marketplace=FLIPKART&q=convection+microwave+oven&store=search.flipkart.com%2Fj9e%2Fm38%2Fo49&srno=s_1_14&otracker=AS_QueryStore_OrganicAutoSuggest_2_14_na_na_na&otracker1=AS_QueryStore_OrganicAutoSuggest_2_14_na_na_na&fm=organic&iid=0f40ac09-e8e5-4634-890e-5dae8dc82021.MRCF64JSEEVHNGGK.SEARCH&ppt=None&ppn=None&ssid=pu1e83d0mo0000001660163807352&qH=13c5528d0fa99c03,SAMSUNG 28 L Convection Microwave Oven,15490,15490,15490,15490,17480.0,17480,15490,17480.0,17480,15490,15490,15490,13499
https://www.flipkart.com/lg-28-l-charcoal-convection-microwave-oven/p/itmf6kfngzgntmjy?pid=MRCF6KFNZWDN9YJ6&lid=LSTMRCF6KFNZWDN9YJ69OR9O2&marketplace=FLIPKART&q=convection+microwave+oven&store=search.flipkart.com%2Fj9e%2Fm38%2Fo49&srno=s_1_15&otracker=AS_QueryStore_OrganicAutoSuggest_2_14_na_na_na&otracker1=AS_QueryStore_OrganicAutoSuggest_2_14_na_na_na&fm=organic&iid=0f40ac09-e8e5-4634-890e-5dae8dc82021.MRCF6KFNZWDN9YJ6.SEARCH&ppt=None&ppn=None&ssid=pu1e83d0mo0000001660163807352&qH=13c5528d0fa99c03,LG 28 L Charcoal Convection Microwave Oven,17480,17480,17480,17480,15490.0,15490,17480,12190.0,15490,17480,17480,17480,17480
https://www.flipkart.com/lg-28-l-convection-microwave-oven/p/itmejy9azg8a4u9g?pid=MRCEJY9AMKNNGJ8Z&lid=LSTMRCEJY9AMKNNGJ8ZGMNORW&marketplace=FLIPKART&q=convection+microwave+oven&store=search.flipkart.com%2Fj9e%2Fm38%2Fo49&srno=s_1_16&otracker=AS_QueryStore_OrganicAutoSuggest_2_14_na_na_na&otracker1=AS_QueryStore_OrganicAutoSuggest_2_14_na_na_na&fm=organic&iid=0f40ac09-e8e5-4634-890e-5dae8dc82021.MRCEJY9AMKNNGJ8Z.SEARCH&ppt=None&ppn=None&ssid=pu1e83d0mo0000001660163807352&qH=13c5528d0fa99c03,LG 28 L Convection Microwave Oven,12190,12190,12190,12190,12190.0,12190,12190,16899.0,12190,12190,12190,12190,12190
https://www.flipkart.com/lg-28-l-charcoal-convection-microwave-oven/p/itmf8cmnwxffgckz?pid=MRCF8CMNTMMK4FVW&lid=LSTMRCF8CMNTMMK4FVWOJAGU1&marketplace=FLIPKART&q=convection+microwave+oven&store=search.flipkart.com%2Fj9e%2Fm38%2Fo49&srno=s_1_17&otracker=AS_QueryStore_OrganicAutoSuggest_2_14_na_na_na&otracker1=AS_QueryStore_OrganicAutoSuggest_2_14_na_na_na&fm=organic&iid=0f40ac09-e8e5-4634-890e-5dae8dc82021.MRCF8CMNTMMK4FVW.SEARCH&ppt=None&ppn=None&ssid=pu1e83d0mo0000001660163807352&qH=13c5528d0fa99c03,LG 28 L Charcoal Convection Microwave Oven,16899,16899,16899,16899,16899.0,16899,16899,12239.0,16899,16899,16899,16899,16899
https://www.flipkart.com/ifb-25-l-metallic-silver-convection-microwave-oven/p/itmef2zteehmrvwq?pid=MRCEF2ZS7FGDSYKM&lid=LSTMRCEF2ZS7FGDSYKMVZEENQ&marketplace=FLIPKART&q=convection+microwave+oven&store=search.flipkart.com%2Fj9e%2Fm38%2Fo49&srno=s_1_18&otracker=AS_QueryStore_OrganicAutoSuggest_2_14_na_na_na&otracker1=AS_QueryStore_OrganicAutoSuggest_2_14_na_na_na&fm=organic&iid=0f40ac09-e8e5-4634-890e-5dae8dc82021.MRCEF2ZS7FGDSYKM.SEARCH&ppt=None&ppn=None&ssid=pu1e83d0mo0000001660163807352&qH=13c5528d0fa99c03,IFB 25 L Metallic silver Convection Microwave Oven,12499,12499,12499,12499,12499.0,12499,12239,11790.0,12239,12239,10790,12239,12499
https://www.flipkart.com/panasonic-23-l-convection-microwave-oven/p/itmdwdmnwugfruzy?pid=MRCDWBZX3ZFSPSGH&lid=LSTMRCDWBZX3ZFSPSGHMPZYWZ&marketplace=FLIPKART&q=convection+microwave+oven&store=search.flipkart.com%2Fj9e%2Fm38%2Fo49&srno=s_1_19&otracker=AS_QueryStore_OrganicAutoSuggest_2_14_na_na_na&otracker1=AS_QueryStore_OrganicAutoSuggest_2_14_na_na_na&fm=organic&iid=0f40ac09-e8e5-4634-890e-5dae8dc82021.MRCDWBZX3ZFSPSGH.SEARCH&ppt=None&ppn=None&ssid=pu1e83d0mo0000001660163807352&qH=13c5528d0fa99c03,Panasonic 23 L Convection Microwave Oven,10790,10790,10790,10790,10790.0,10790,9981,9981.0,9981,10790,12239,9981,10790
https://www.flipkart.com/lg-28-l-convection-microwave-oven/p/itmew8zysndynd86?pid=MRCEW8ZYMU2AMKZX&lid=LSTMRCEW8ZYMU2AMKZXUCHC3U&marketplace=FLIPKART&q=convection+microwave+oven&store=search.flipkart.com%2Fj9e%2Fm38%2Fo49&srno=s_1_20&otracker=AS_QueryStore_OrganicAutoSuggest_2_14_na_na_na&otracker1=AS_QueryStore_OrganicAutoSuggest_2_14_na_na_na&fm=organic&iid=0f40ac09-e8e5-4634-890e-5dae8dc82021.MRCEW8ZYMU2AMKZX.SEARCH&ppt=None&ppn=None&ssid=pu1e83d0mo0000001660163807352&qH=13c5528d0fa99c03,LG 28 L Convection Microwave Oven,11790,11790,11790,11790,11790.0,15190,11790,15190.0,11790,11790,11790,11790,11790
https://www.flipkart.com/lg-28-l-convection-microwave-oven/p/itmew8zyttwzqwvy?pid=MRCEW8ZY8GYYDV5T&lid=LSTMRCEW8ZY8GYYDV5TZFINQL&marketplace=FLIPKART&q=convection+microwave+oven&store=search.flipkart.com%2Fj9e%2Fm38%2Fo49&srno=s_1_21&otracker=AS_QueryStore_OrganicAutoSuggest_2_14_na_na_na&otracker1=AS_QueryStore_OrganicAutoSuggest_2_14_na_na_na&fm=organic&iid=0f40ac09-e8e5-4634-890e-5dae8dc82021.MRCEW8ZY8GYYDV5T.SEARCH&ppt=None&ppn=None&ssid=pu1e83d0mo0000001660163807352&qH=13c5528d0fa99c03,LG 28 L Convection Microwave Oven,13709,15190,15190,15190,15190.0,11790,15190,9999.0,15190,13709,13709,13709,13709
https://www.flipkart.com/ifb-20-l-metallic-silver-convection-microwave-oven/p/itmdwmvzxgbcdvg9?pid=MRCDWK8TMQCEGTYK&lid=LSTMRCDWK8TMQCEGTYKHQSFZU&marketplace=FLIPKART&q=convection+microwave+oven&store=search.flipkart.com%2Fj9e%2Fm38%2Fo49&srno=s_1_22&otracker=AS_QueryStore_OrganicAutoSuggest_2_14_na_na_na&otracker1=AS_QueryStore_OrganicAutoSuggest_2_14_na_na_na&fm=organic&iid=0f40ac09-e8e5-4634-890e-5dae8dc82021.MRCDWK8TMQCEGTYK.SEARCH&ppt=None&ppn=None&ssid=pu1e83d0mo0000001660163807352&qH=13c5528d0fa99c03,IFB 20 L Metallic silver Convection Microwave Oven,9999,9999,9999,9999,9999.0,9999,9999,13399.0,9999,9999,9999,9999,9999
https://www.flipkart.com/lg-21-l-diet-fry-convection-microwave-oven/p/itmew8zycjdfpsus?pid=MRCEW8ZYUKGMU4EM&lid=LSTMRCEW8ZYUKGMU4EMU015P5&marketplace=FLIPKART&q=convection+microwave+oven&store=search.flipkart.com%2Fj9e%2Fm38%2Fo49&srno=s_1_23&otracker=AS_QueryStore_OrganicAutoSuggest_2_14_na_na_na&otracker1=AS_QueryStore_OrganicAutoSuggest_2_14_na_na_na&fm=organic&iid=0f40ac09-e8e5-4634-890e-5dae8dc82021.MRCEW8ZYUKGMU4EM.SEARCH&ppt=None&ppn=None&ssid=pu1e83d0mo0000001660163807352&qH=13c5528d0fa99c03,LG 21 L Diet Fry Convection Microwave Oven,11560,13490,13490,13490,13490.0,13490,13399,9490.0,13399,13490,13399,13399,13399
https://www.flipkart.com/samsung-21-l-convection-microwave-oven/p/itm43671b9edbcf3?pid=MRCDWBZXJFWEP22E&lid=LSTMRCDWBZXJFWEP22EQZFZAE&marketplace=FLIPKART&q=convection+microwave+oven&store=search.flipkart.com%2Fj9e%2Fm38%2Fo49&srno=s_1_24&otracker=AS_QueryStore_OrganicAutoSuggest_2_14_na_na_na&otracker1=AS_QueryStore_OrganicAutoSuggest_2_14_na_na_na&fm=organic&iid=0f40ac09-e8e5-4634-890e-5dae8dc82021.MRCDWBZXJFWEP22E.SEARCH&ppt=None&ppn=None&ssid=pu1e83d0mo0000001660163807352&qH=13c5528d0fa99c03,SAMSUNG 21 L Convection Microwave Oven,9790,9490,9490,9490,9490.0,9490,9490,9290.0,9490,9790,9790,9790,9790
https://www.flipkart.com/godrej-19-l-convection-microwave-oven/p/itmfyg2qemjyjfmg?pid=MRCFYG2QCZJYTMCY&lid=LSTMRCFYG2QCZJYTMCYOEJKBM&marketplace=FLIPKART&q=convection+microwave+oven&store=j9e%2Fm38%2Fo49&srno=s_2_25&otracker=AS_QueryStore_OrganicAutoSuggest_2_14_na_na_na&otracker1=AS_QueryStore_OrganicAutoSuggest_2_14_na_na_na&fm=organic&iid=2fb5b0a2-d92c-47e5-81a5-594384dc20b4.MRCFYG2QCZJYTMCY.SEARCH&ppt=None&ppn=None&ssid=5suuv5iw1s0000001660163812505&qH=13c5528d0fa99c03,Godrej 19 L Convection Microwave Oven,9290,9290,9290,9290,9490.0,9290,9290,9490.0,9290,9290,9290,9290,9290
https://www.flipkart.com/samsung-21-l-convection-microwave-oven/p/itm43671b9edbcf3?pid=MRCDWBZXJFWEP22E&lid=LSTMRCDWBZXJFWEP22EQZFZAE&marketplace=FLIPKART&q=convection+microwave+oven&store=j9e%2Fm38%2Fo49&srno=s_2_26&otracker=AS_QueryStore_OrganicAutoSuggest_2_14_na_na_na&otracker1=AS_QueryStore_OrganicAutoSuggest_2_14_na_na_na&fm=organic&iid=2fb5b0a2-d92c-47e5-81a5-594384dc20b4.MRCDWBZXJFWEP22E.SEARCH&ppt=None&ppn=None&ssid=5suuv5iw1s0000001660163812505&qH=13c5528d0fa99c03,SAMSUNG 21 L Convection Microwave Oven,9790,9490,9490,9490,14640.0,9490,9490,14800.0,9490,9790,9790,9790,9790
https://www.flipkart.com/lg-28-l-convection-microwave-oven/p/itm4589dfca0de7d?pid=MRCFYHKGYASYQG3S&lid=LSTMRCFYHKGYASYQG3SFR28MA&marketplace=FLIPKART&q=convection+microwave+oven&store=j9e%2Fm38%2Fo49&srno=s_2_27&otracker=AS_QueryStore_OrganicAutoSuggest_2_14_na_na_na&otracker1=AS_QueryStore_OrganicAutoSuggest_2_14_na_na_na&fm=organic&iid=2fb5b0a2-d92c-47e5-81a5-594384dc20b4.MRCFYHKGYASYQG3S.SEARCH&ppt=None&ppn=None&ssid=5suuv5iw1s0000001660163812505&qH=13c5528d0fa99c03,LG 28 L Convection Microwave Oven,14900,14640,14640,14640,9290.0,14640,15150,9999.0,15150,15150,15150,15150,15150
https://www.flipkart.com/morphy-richards-30-l-200-auto-cook-menu-convection-microwave-oven/p/itmdwys8pahhpfap?pid=MRCDWYS5ATGJHVPJ&lid=LSTMRCDWYS5ATGJHVPJZRD04S&marketplace=FLIPKART&q=convection+microwave+oven&store=j9e%2Fm38%2Fo49&srno=s_2_28&otracker=AS_QueryStore_OrganicAutoSuggest_2_14_na_na_na&otracker1=AS_QueryStore_OrganicAutoSuggest_2_14_na_na_na&fm=organic&iid=en_qHsNzzYYeJl06pXRfVylTYmI%2BcmuNPiF4vwyGG0yBsJM71sQRRi9W4uALF2rvWFhZ6Enp6hIXCAJexLzyxe29A%3D%3D&ppt=None&ppn=None&ssid=5suuv5iw1s0000001660163812505&qH=13c5528d0fa99c03,Morphy Richards 30 L 200 Auto cook menu Convection Microwave Oven,14999,14590,9999,9999,9999.0,9999,9999,14590.0,9999,9999,10690,9999,9999
https://www.flipkart.com/lg-28-l-convection-microwave-oven/p/itm06ac4946cb1bb?pid=MRCG666Q52KMFZ32&lid=LSTMRCG666Q52KMFZ321ALTEP&marketplace=FLIPKART&q=convection+microwave+oven&store=j9e%2Fm38%2Fo49&srno=s_2_29&otracker=AS_QueryStore_OrganicAutoSuggest_2_14_na_na_na&otracker1=AS_QueryStore_OrganicAutoSuggest_2_14_na_na_na&fm=organic&iid=2fb5b0a2-d92c-47e5-81a5-594384dc20b4.MRCG666Q52KMFZ32.SEARCH&ppt=None&ppn=None&ssid=5suuv5iw1s0000001660163812505&qH=13c5528d0fa99c03,LG 28 L Convection Microwave Oven,14690,9999,14590,14590,14590.0,14590,14590,10490.0,14590,14590,9999,14590,14590
https://www.flipkart.com/lg-21-l-convection-microwave-oven/p/itmf3mhk5nxuxde9?pid=MRCF2UQH27NAJJZW&lid=LSTMRCF2UQH27NAJJZWUDEXMD&marketplace=FLIPKART&q=convection+microwave+oven&store=j9e%2Fm38%2Fo49&srno=s_2_30&otracker=AS_QueryStore_OrganicAutoSuggest_2_14_na_na_na&otracker1=AS_QueryStore_OrganicAutoSuggest_2_14_na_na_na&fm=organic&iid=2fb5b0a2-d92c-47e5-81a5-594384dc20b4.MRCF2UQH27NAJJZW.SEARCH&ppt=None&ppn=None&ssid=5suuv5iw1s0000001660163812505&qH=13c5528d0fa99c03,LG 21 L Convection Microwave Oven,10690,10490,10490,10490,10490.0,10490,10490,12490.0,10490,10690,12490,10690,10690
https://www.flipkart.com/whirlpool-30-l-convection-microwave-oven/p/itma00245a07a930?pid=MRCFVGQ74HTBPNXK&lid=LSTMRCFVGQ74HTBPNXKXMBOGX&marketplace=FLIPKART&q=convection+microwave+oven&store=j9e%2Fm38%2Fo49&srno=s_2_31&otracker=AS_QueryStore_OrganicAutoSuggest_2_14_na_na_na&otracker1=AS_QueryStore_OrganicAutoSuggest_2_14_na_na_na&fm=organic&iid=2fb5b0a2-d92c-47e5-81a5-594384dc20b4.MRCFVGQ74HTBPNXK.SEARCH&ppt=None&ppn=None&ssid=5suuv5iw1s0000001660163812505&qH=13c5528d0fa99c03,Whirlpool 30 L Convection Microwave Oven,12490,12490,12490,12490,12490.0,12490,12490,11790.0,12490,12490,14590,12490,12490
https://www.flipkart.com/lg-28-l-convection-microwave-oven/p/itmew8zysndynd86?pid=MRCEW8ZYMU2AMKZX&lid=LSTMRCEW8ZYMU2AMKZXUCHC3U&marketplace=FLIPKART&q=convection+microwave+oven&store=j9e%2Fm38%2Fo49&srno=s_2_32&otracker=AS_QueryStore_OrganicAutoSuggest_2_14_na_na_na&otracker1=AS_QueryStore_OrganicAutoSuggest_2_14_na_na_na&fm=organic&iid=en_qHsNzzYYeJl06pXRfVylTYmI%2BcmuNPiF4vwyGG0yBsI2gfePDFrkw8IPpDkcG1lI3CvgM92lf0pJAQ6KtJ373A%3D%3D&ppt=None&ppn=None&ssid=5suuv5iw1s0000001660163812505&qH=13c5528d0fa99c03,LG 28 L Convection Microwave Oven,11790,11790,11790,11790,11790.0,11790,11790,15490.0,11790,11790,11790,11790,11790
https://www.flipkart.com/samsung-28-l-convection-microwave-oven/p/itm2f7daba92aca8?pid=MRCGDAVXZXKCNBB8&lid=LSTMRCGDAVXZXKCNBB8X49XT5&marketplace=FLIPKART&q=convection+microwave+oven&store=j9e%2Fm38%2Fo49&srno=s_2_33&otracker=AS_QueryStore_OrganicAutoSuggest_2_14_na_na_na&otracker1=AS_QueryStore_OrganicAutoSuggest_2_14_na_na_na&fm=organic&iid=2fb5b0a2-d92c-47e5-81a5-594384dc20b4.MRCGDAVXZXKCNBB8.SEARCH&ppt=None&ppn=None&ssid=5suuv5iw1s0000001660163812505&qH=13c5528d0fa99c03,SAMSUNG 28 L Convection Microwave Oven,20990,15490,15490,15490,15490.0,15490,15490,14099.0,15490,15490,15490,15490,15490
https://www.flipkart.com/godrej-28-l-convection-microwave-oven/p/itmf8r27jzcykuxh?pid=MRCF8R276VZQ3MQP&lid=LSTMRCF8R276VZQ3MQPWCDH1R&marketplace=FLIPKART&q=convection+microwave+oven&store=j9e%2Fm38%2Fo49&srno=s_2_34&otracker=AS_QueryStore_OrganicAutoSuggest_2_14_na_na_na&otracker1=AS_QueryStore_OrganicAutoSuggest_2_14_na_na_na&fm=organic&iid=2fb5b0a2-d92c-47e5-81a5-594384dc20b4.MRCF8R276VZQ3MQP.SEARCH&ppt=None&ppn=None&ssid=5suuv5iw1s0000001660163812505&qH=13c5528d0fa99c03,Godrej 28 L Convection Microwave Oven,14499,14099,14099,14099,17060.0,14099,14099,17050.0,14099,14099,14099,14099,14099
https://www.flipkart.com/panasonic-27-l-convection-microwave-oven/p/itme26mkar6bnym9?pid=MRCE26MJZSFJFF5R&lid=LSTMRCE26MJZSFJFF5RF4FO5G&marketplace=FLIPKART&q=convection+microwave+oven&store=j9e%2Fm38%2Fo49&srno=s_2_35&otracker=AS_QueryStore_OrganicAutoSuggest_2_14_na_na_na&otracker1=AS_QueryStore_OrganicAutoSuggest_2_14_na_na_na&fm=organic&iid=2fb5b0a2-d92c-47e5-81a5-594384dc20b4.MRCE26MJZSFJFF5R.SEARCH&ppt=None&ppn=None&ssid=5suuv5iw1s0000001660163812505&qH=13c5528d0fa99c03,Panasonic 27 L Convection Microwave Oven,16950,17070,17060,17060,16149.0,17060,17050,16149.0,17050,17030,17030,17030,17030
https://www.flipkart.com/lg-32-l-convection-microwave-oven/p/itmegvvbwfgdfysz?pid=MRCEGVVBVVT8VT8J&lid=LSTMRCEGVVBVVT8VT8JIVBOFX&marketplace=FLIPKART&q=convection+microwave+oven&store=j9e%2Fm38%2Fo49&srno=s_2_36&otracker=AS_QueryStore_OrganicAutoSuggest_2_14_na_na_na&otracker1=AS_QueryStore_OrganicAutoSuggest_2_14_na_na_na&fm=organic&iid=en_qHsNzzYYeJl06pXRfVylTYmI%2BcmuNPiF4vwyGG0yBsJZo6Vj0v4TzVVNl9z%2Fgi6Euj9aWYX1qfmgLHddUZJJsg%3D%3D&ppt=None&ppn=None&ssid=5suuv5iw1s0000001660163812505&qH=13c5528d0fa99c03,LG 32 L Convection Microwave Oven,16149,16149,16149,16149,16300.0,16149,16149,16300.0,16149,16149,16149,16149,16149
https://www.flipkart.com/samsung-28-l-convection-microwave-oven/p/itmefcf22843baf0?pid=MRCG6M25YPKPANE3&lid=LSTMRCG6M25YPKPANE3JTXDDR&marketplace=FLIPKART&q=convection+microwave+oven&store=j9e%2Fm38%2Fo49&srno=s_2_37&otracker=AS_QueryStore_OrganicAutoSuggest_2_14_na_na_na&otracker1=AS_QueryStore_OrganicAutoSuggest_2_14_na_na_na&fm=organic&iid=2fb5b0a2-d92c-47e5-81a5-594384dc20b4.MRCG6M25YPKPANE3.SEARCH&ppt=None&ppn=None&ssid=5suuv5iw1s0000001660163812505&qH=13c5528d0fa99c03,SAMSUNG 28 L Convection Microwave Oven,16300,16300,16300,16300,10300.0,16300,16300,10300.0,16300,16300,16300,16300,16300
https://www.flipkart.com/ifb-20-l-convection-microwave-oven/p/itmfhyzgvzdkspzc?pid=MRCFHYZGTYYU6DAC&lid=LSTMRCFHYZGTYYU6DACNKPA4R&marketplace=FLIPKART&q=convection+microwave+oven&store=j9e%2Fm38%2Fo49&srno=s_2_38&otracker=AS_QueryStore_OrganicAutoSuggest_2_14_na_na_na&otracker1=AS_QueryStore_OrganicAutoSuggest_2_14_na_na_na&fm=organic&iid=2fb5b0a2-d92c-47e5-81a5-594384dc20b4.MRCFHYZGTYYU6DAC.SEARCH&ppt=None&ppn=None&ssid=5suuv5iw1s0000001660163812505&qH=13c5528d0fa99c03,IFB 20 L Convection Microwave Oven,10790,10300,10300,10300,21829.0,10300,10300,21829.0,10300,10790,10790,10709,10790
https://www.flipkart.com/lg-32-l-convection-microwave-oven/p/itm220d0df5f033b?pid=MRCG93Q6GKEUSSEM&lid=LSTMRCG93Q6GKEUSSEMIYNBDD&marketplace=FLIPKART&q=convection+microwave+oven&store=j9e%2Fm38%2Fo49&srno=s_2_39&otracker=AS_QueryStore_OrganicAutoSuggest_2_14_na_na_na&otracker1=AS_QueryStore_OrganicAutoSuggest_2_14_na_na_na&fm=organic&iid=2fb5b0a2-d92c-47e5-81a5-594384dc20b4.MRCG93Q6GKEUSSEM.SEARCH&ppt=None&ppn=None&ssid=5suuv5iw1s0000001660163812505&qH=13c5528d0fa99c03,LG 32 L Convection Microwave Oven,20100,21879,21829,21829,15390.0,21829,21829,15390.0,21829,22040,21829,21829,21829
https://www.flipkart.com/lg-28-l-convection-microwave-oven/p/itmejy9afxsgvzvh?pid=MRCEJY9AF8FJRZTB&lid=LSTMRCEJY9AF8FJRZTB4QNSB9&marketplace=FLIPKART&q=convection+microwave+oven&store=j9e%2Fm38%2Fo49&srno=s_2_40&otracker=AS_QueryStore_OrganicAutoSuggest_2_14_na_na_na&otracker1=AS_QueryStore_OrganicAutoSuggest_2_14_na_na_na&fm=organic&iid=en_qHsNzzYYeJl06pXRfVylTYmI%2BcmuNPiF4vwyGG0yBsIpQWctsnD%2FPuV7O%2BAOvjKAOWKOzTEFmV6Ecs%2Fv%2BLsy%2FA%3D%3D&ppt=None&ppn=None&ssid=5suuv5iw1s0000001660163812505&qH=13c5528d0fa99c03,LG 28 L Convection Microwave Oven,15339,15390,15390,15390,14280.0,15390,15390,14280.0,15390,15339,15339,15339,15339
https://www.flipkart.com/lg-28-l-convection-microwave-oven/p/itmcab59590c7af4?pid=MRCG8X8ETJEE9KS6&lid=LSTMRCG8X8ETJEE9KS68K5WAP&marketplace=FLIPKART&q=convection+microwave+oven&store=j9e%2Fm38%2Fo49&srno=s_2_41&otracker=AS_QueryStore_OrganicAutoSuggest_2_14_na_na_na&otracker1=AS_QueryStore_OrganicAutoSuggest_2_14_na_na_na&fm=organic&iid=2fb5b0a2-d92c-47e5-81a5-594384dc20b4.MRCG8X8ETJEE9KS6.SEARCH&ppt=None&ppn=None&ssid=5suuv5iw1s0000001660163812505&qH=13c5528d0fa99c03,LG 28 L Convection Microwave Oven,14280,14280,14280,14280,11290.0,14280,14280,11290.0,14280,14280,14280,14280,14280
https://www.flipkart.com/lg-21-l-convection-microwave-oven/p/itmegz56cuwdkzdz?pid=MRCEGZ56RBZZRHCH&lid=LSTMRCEGZ56RBZZRHCHAMRNWA&marketplace=FLIPKART&q=convection+microwave+oven&store=j9e%2Fm38%2Fo49&srno=s_2_42&otracker=AS_QueryStore_OrganicAutoSuggest_2_14_na_na_na&otracker1=AS_QueryStore_OrganicAutoSuggest_2_14_na_na_na&fm=organic&iid=2fb5b0a2-d92c-47e5-81a5-594384dc20b4.MRCEGZ56RBZZRHCH.SEARCH&ppt=None&ppn=None&ssid=5suuv5iw1s0000001660163812505&qH=13c5528d0fa99c03,LG 21 L Convection Microwave Oven,11290,11290,11290,14990,14990.0,11290,14990,14990.0,11290,11290,11290,11290,11290
https://www.flipkart.com/samsung-28-l-convection-microwave-oven/p/itmc6cc053cb0d63?pid=MRCGAPJQDDGQXE92&lid=LSTMRCGAPJQDDGQXE92GX4YXU&marketplace=FLIPKART&q=convection+microwave+oven&store=j9e%2Fm38%2Fo49&srno=s_2_43&otracker=AS_QueryStore_OrganicAutoSuggest_2_14_na_na_na&otracker1=AS_QueryStore_OrganicAutoSuggest_2_14_na_na_na&fm=organic&iid=2fb5b0a2-d92c-47e5-81a5-594384dc20b4.MRCGAPJQDDGQXE92.SEARCH&ppt=None&ppn=None&ssid=5suuv5iw1s0000001660163812505&qH=13c5528d0fa99c03,SAMSUNG 28 L Convection Microwave Oven,14990,14990,14990,11290,13990.0,14990,11290,13041.0,14990,14990,13990,14990,14990
https://www.flipkart.com/lg-28-l-convection-microwave-oven/p/itmc09c38da1a784?pid=MRCFKRJ9PEH7KZGG&lid=LSTMRCFKRJ9PEH7KZGGTWMM3X&marketplace=FLIPKART&q=convection+microwave+oven&store=j9e%2Fm38%2Fo49&srno=s_2_44&otracker=AS_QueryStore_OrganicAutoSuggest_2_14_na_na_na&otracker1=AS_QueryStore_OrganicAutoSuggest_2_14_na_na_na&fm=organic&iid=en_qHsNzzYYeJl06pXRfVylTYmI%2BcmuNPiF4vwyGG0yBsIRAuulf1eQHbHIrZyTVytqMe%2FBSNGzW9jSh7smxrdUhA%3D%3D&ppt=None&ppn=None&ssid=5suuv5iw1s0000001660163812505&qH=13c5528d0fa99c03,LG 28 L Convection Microwave Oven,13990,13990,13990,13990,25669.0,13990,13041,25669.0,13041,13990,14990,13041,13990
https://www.flipkart.com/lg-32-l-twister-smog-handle-convection-microwave-oven/p/itm90e4be7e38f5b?pid=MRCFKRJ9HHVYS9S6&lid=LSTMRCFKRJ9HHVYS9S6BWW44J&marketplace=FLIPKART&q=convection+microwave+oven&store=j9e%2Fm38%2Fo49&srno=s_2_45&otracker=AS_QueryStore_OrganicAutoSuggest_2_14_na_na_na&otracker1=AS_QueryStore_OrganicAutoSuggest_2_14_na_na_na&fm=organic&iid=2fb5b0a2-d92c-47e5-81a5-594384dc20b4.MRCFKRJ9HHVYS9S6.SEARCH&ppt=None&ppn=None&ssid=5suuv5iw1s0000001660163812505&qH=13c5528d0fa99c03,LG 32 L With Twister Smog Handle Convection Microwave Oven,25669,25669,25669,25669,10390.0,25669,25669,10390.0,25669,25669,25669,25669,25669
https://www.flipkart.com/lg-21-l-convection-microwave-oven/p/itmew8zyhmdn8ezp?pid=MRCEW8ZYHPCUW8K9&lid=LSTMRCEW8ZYHPCUW8K99GC5ND&marketplace=FLIPKART&q=convection+microwave+oven&store=j9e%2Fm38%2Fo49&srno=s_2_46&otracker=AS_QueryStore_OrganicAutoSuggest_2_14_na_na_na&otracker1=AS_QueryStore_OrganicAutoSuggest_2_14_na_na_na&fm=organic&iid=2fb5b0a2-d92c-47e5-81a5-594384dc20b4.MRCEW8ZYHPCUW8K9.SEARCH&ppt=None&ppn=None&ssid=5suuv5iw1s0000001660163812505&qH=13c5528d0fa99c03,LG 21 L Convection Microwave Oven,12299,10390,10390,10390,22999.0,10390,10390,22999.0,10390,10390,10390,10390,10390
https://www.flipkart.com/lg-32-l-charcoal-convection-microwave-oven/p/itmexbt4bnchg3dq?pid=MRCEXBT4FHH23CBF&lid=LSTMRCEXBT4FHH23CBFXVLA77&marketplace=FLIPKART&q=convection+microwave+oven&store=j9e%2Fm38%2Fo49&srno=s_2_47&otracker=AS_QueryStore_OrganicAutoSuggest_2_14_na_na_na&otracker1=AS_QueryStore_OrganicAutoSuggest_2_14_na_na_na&fm=organic&iid=2fb5b0a2-d92c-47e5-81a5-594384dc20b4.MRCEXBT4FHH23CBF.SEARCH&ppt=None&ppn=None&ssid=5suuv5iw1s0000001660163812505&qH=13c5528d0fa99c03,LG 32 L Charcoal Convection Microwave Oven,22999,22999,22999,22999,11990.0,22999,22999,11990.0,22999,22999,22999,22999,22999
https://www.flipkart.com/panasonic-27-l-convection-microwave-oven/p/itmegz8zzy66feze?pid=MRCEGZ8Y8X6FNTQU&lid=LSTMRCEGZ8Y8X6FNTQUFO8MID&marketplace=FLIPKART&q=convection+microwave+oven&store=j9e%2Fm38%2Fo49&srno=s_2_48&otracker=AS_QueryStore_OrganicAutoSuggest_2_14_na_na_na&otracker1=AS_QueryStore_OrganicAutoSuggest_2_14_na_na_na&fm=organic&iid=en_qHsNzzYYeJl06pXRfVylTYmI%2BcmuNPiF4vwyGG0yBsI8HGS5X282GEIuIliBC6RSLaKH%2FR7wVD0RSmL%2FNGYt7Q%3D%3D&ppt=None&ppn=None&ssid=5suuv5iw1s0000001660163812505&qH=13c5528d0fa99c03,Panasonic 27 L Convection Microwave Oven,11990,11990,11990,11990,19500.0,19500,11990,19460.0,11990,20500,11990,11990,11990
https://www.flipkart.com/samsung-32-l-convection-microwave-oven/p/itmf64js7qrq636y?pid=MRCF64JS8DJCEV5K&lid=LSTMRCF64JS8DJCEV5KBS7SMS&marketplace=FLIPKART&q=convection+microwave+oven&store=search.flipkart.com%2Fj9e%2Fm38%2Fo49&srno=s_3_49&otracker=AS_QueryStore_OrganicAutoSuggest_2_14_na_na_na&otracker1=AS_QueryStore_OrganicAutoSuggest_2_14_na_na_na&fm=organic&iid=f2a96141-f651-4b2f-950a-123112ed4d12.MRCF64JS8DJCEV5K.SEARCH&ppt=None&ppn=None&ssid=db3kwsypmo0000001660163815419&qH=13c5528d0fa99c03,SAMSUNG 32 L Convection Microwave Oven,19500,19500,19500,19500,16900.0,11990,19460,16900.0,19460,11990,20500,20500,21900
https://www.flipkart.com/morphy-richards-28-l-convection-microwave-oven/p/itm9c2177d288700?pid=MRCG2U6TGHHBBCFM&lid=LSTMRCG2U6TGHHBBCFM718EL9&marketplace=FLIPKART&q=convection+microwave+oven&store=search.flipkart.com%2Fj9e%2Fm38%2Fo49&srno=s_3_50&otracker=AS_QueryStore_OrganicAutoSuggest_2_14_na_na_na&otracker1=AS_QueryStore_OrganicAutoSuggest_2_14_na_na_na&fm=organic&iid=f2a96141-f651-4b2f-950a-123112ed4d12.MRCG2U6TGHHBBCFM.SEARCH&ppt=None&ppn=None&ssid=db3kwsypmo0000001660163815419&qH=13c5528d0fa99c03,Morphy Richards 28 L Convection Microwave Oven,16900,16900,16900,16900,20490.0,16900,16900,20490.0,20490,16900,16900,16900,17238
https://www.flipkart.com/lg-32-l-twister-smog-handle-convection-microwave-oven/p/itm0f2bd423252f9?pid=MRCFKRJ9NHKZVKSN&lid=LSTMRCFKRJ9NHKZVKSNIDVJ0A&marketplace=FLIPKART&q=convection+microwave+oven&store=search.flipkart.com%2Fj9e%2Fm38%2Fo49&srno=s_3_51&otracker=AS_QueryStore_OrganicAutoSuggest_2_14_na_na_na&otracker1=AS_QueryStore_OrganicAutoSuggest_2_14_na_na_na&fm=organic&iid=f2a96141-f651-4b2f-950a-123112ed4d12.MRCFKRJ9NHKZVKSN.SEARCH&ppt=None&ppn=None&ssid=db3kwsypmo0000001660163815419&qH=13c5528d0fa99c03,LG 32 L With Twister Smog Handle Convection Microwave Oven,19550,20490,20490,20490,9999.0,20490,20490,9999.0,16900,20490,20490,20490,20490
https://www.flipkart.com/morphy-richards-30-l-200-auto-cook-menu-convection-microwave-oven/p/itmdwys8pahhpfap?pid=MRCDWYS5ATGJHVPJ&lid=LSTMRCDWYS5ATGJHVPJZRD04S&marketplace=FLIPKART&q=convection+microwave+oven&store=search.flipkart.com%2Fj9e%2Fm38%2Fo49&srno=s_3_52&otracker=AS_QueryStore_OrganicAutoSuggest_2_14_na_na_na&otracker1=AS_QueryStore_OrganicAutoSuggest_2_14_na_na_na&fm=organic&iid=en_gIQDMrGqHriYEEeGIoNc4JaVtuT1IhDiNkWpN%2Bv%2BNvTvZJ6ZfTOK2IlSTPzTagiVZ6Enp6hIXCAJexLzyxe29A%3D%3D&ppt=None&ppn=None&ssid=db3kwsypmo0000001660163815419&qH=13c5528d0fa99c03,Morphy Richards 30 L 200 Auto cook menu Convection Microwave Oven,14999,9999,9999,13269,13269.0,9999,9999,13269.0,9999,9999,9999,9999,9999
https://www.flipkart.com/godrej-25-l-convection-microwave-oven/p/itmf8r27u526q6xz?pid=MRCF8R27XDZZGTHF&lid=LSTMRCF8R27XDZZGTHFBKE670&marketplace=FLIPKART&q=convection+microwave+oven&store=search.flipkart.com%2Fj9e%2Fm38%2Fo49&srno=s_3_53&otracker=AS_QueryStore_OrganicAutoSuggest_2_14_na_na_na&otracker1=AS_QueryStore_OrganicAutoSuggest_2_14_na_na_na&fm=organic&iid=f2a96141-f651-4b2f-950a-123112ed4d12.MRCF8R27XDZZGTHF.SEARCH&ppt=None&ppn=None&ssid=db3kwsypmo0000001660163815419&qH=13c5528d0fa99c03,Godrej 25 L Convection Microwave Oven,13269,13269,13269,16430,16430.0,13269,13269,16420.0,13269,13269,13269,13269,13269
https://www.flipkart.com/panasonic-27-l-convection-microwave-oven/p/itmffe9zvuk2zraa?pid=MRCFFE9ZYRTZEUCQ&lid=LSTMRCFFE9ZYRTZEUCQCYNIEW&marketplace=FLIPKART&q=convection+microwave+oven&store=search.flipkart.com%2Fj9e%2Fm38%2Fo49&srno=s_3_54&otracker=AS_QueryStore_OrganicAutoSuggest_2_14_na_na_na&otracker1=AS_QueryStore_OrganicAutoSuggest_2_14_na_na_na&fm=organic&iid=f2a96141-f651-4b2f-950a-123112ed4d12.MRCFFE9ZYRTZEUCQ.SEARCH&ppt=None&ppn=None&ssid=db3kwsypmo0000001660163815419&qH=13c5528d0fa99c03,Panasonic 27 L Convection Microwave Oven,16440,16430,16430,13920,13920.0,16430,16420,13920.0,16420,16420,16420,16420,16420
https://www.flipkart.com/samsung-28-l-convection-microwave-oven/p/itm5a51de9c8b91a?pid=MRCEKGJQWHH54UEW&lid=LSTMRCEKGJQWHH54UEWRYXCLL&marketplace=FLIPKART&q=convection+microwave+oven&store=search.flipkart.com%2Fj9e%2Fm38%2Fo49&srno=s_3_55&otracker=AS_QueryStore_OrganicAutoSuggest_2_14_na_na_na&otracker1=AS_QueryStore_OrganicAutoSuggest_2_14_na_na_na&fm=organic&iid=f2a96141-f651-4b2f-950a-123112ed4d12.MRCEKGJQWHH54UEW.SEARCH&ppt=None&ppn=None&ssid=db3kwsypmo0000001660163815419&qH=13c5528d0fa99c03,SAMSUNG 28 L Convection Microwave Oven,13920,13920,13920,9999,11790.0,13920,13920,11790.0,13920,13920,13920,13920,13920
https://www.flipkart.com/lg-28-l-convection-microwave-oven/p/itmew8zysndynd86?pid=MRCEW8ZYMU2AMKZX&lid=LSTMRCEW8ZYMU2AMKZXUCHC3U&marketplace=FLIPKART&q=convection+microwave+oven&store=search.flipkart.com%2Fj9e%2Fm38%2Fo49&srno=s_3_56&otracker=AS_QueryStore_OrganicAutoSuggest_2_14_na_na_na&otracker1=AS_QueryStore_OrganicAutoSuggest_2_14_na_na_na&fm=organic&iid=en_gIQDMrGqHriYEEeGIoNc4JaVtuT1IhDiNkWpN%2Bv%2BNvQXUsxCx4%2BKjopEd0K66QDT3CvgM92lf0pJAQ6KtJ373A%3D%3D&ppt=None&ppn=None&ssid=db3kwsypmo0000001660163815419&qH=13c5528d0fa99c03,LG 28 L Convection Microwave Oven,11790,11790,11790,11790,21500.0,11790,11790,21500.0,11790,11790,21500,11790,11790
https://www.flipkart.com/samsung-32-l-convection-microwave-oven/p/itmf64jsxpgvy8pt?pid=MRCF64JSBFRQWMWH&lid=LSTMRCF64JSBFRQWMWH8WH8YT&marketplace=FLIPKART&q=convection+microwave+oven&store=search.flipkart.com%2Fj9e%2Fm38%2Fo49&srno=s_3_57&otracker=AS_QueryStore_OrganicAutoSuggest_2_14_na_na_na&otracker1=AS_QueryStore_OrganicAutoSuggest_2_14_na_na_na&fm=organic&iid=f2a96141-f651-4b2f-950a-123112ed4d12.MRCF64JSBFRQWMWH.SEARCH&ppt=None&ppn=None&ssid=db3kwsypmo0000001660163815419&qH=13c5528d0fa99c03,SAMSUNG 32 L Convection Microwave Oven,21350,21500,21500,21500,12499.0,21500,21500,12499.0,21500,21500,11999,21500,21500
https://www.flipkart.com/morphy-richards-25-l-convection-microwave-oven/p/itmdwys83cjxbgfc?pid=MRCDWYS5HRKAHVQY&lid=LSTMRCDWYS5HRKAHVQY7JCWRI&marketplace=FLIPKART&q=convection+microwave+oven&store=search.flipkart.com%2Fj9e%2Fm38%2Fo49&srno=s_3_58&otracker=AS_QueryStore_OrganicAutoSuggest_2_14_na_na_na&otracker1=AS_QueryStore_OrganicAutoSuggest_2_14_na_na_na&fm=organic&iid=f2a96141-f651-4b2f-950a-123112ed4d12.MRCDWYS5HRKAHVQY.SEARCH&ppt=None&ppn=None&ssid=db3kwsypmo0000001660163815419&qH=13c5528d0fa99c03,Morphy Richards 25 L Convection Microwave Oven,11999,12499,12499,12499,15690.0,12499,12499,15690.0,12499,15659,15659,11999,11999
https://www.flipkart.com/lg-28-l-convection-microwave-oven/p/itmew8zypkagyh5g?pid=MRCEW8ZYTXMXTDHS&lid=LSTMRCEW8ZYTXMXTDHS3HWS6D&marketplace=FLIPKART&q=convection+microwave+oven&store=search.flipkart.com%2Fj9e%2Fm38%2Fo49&srno=s_3_59&otracker=AS_QueryStore_OrganicAutoSuggest_2_14_na_na_na&otracker1=AS_QueryStore_OrganicAutoSuggest_2_14_na_na_na&fm=organic&iid=f2a96141-f651-4b2f-950a-123112ed4d12.MRCEW8ZYTXMXTDHS.SEARCH&ppt=None&ppn=None&ssid=db3kwsypmo0000001660163815419&qH=13c5528d0fa99c03,LG 28 L Convection Microwave Oven,15659,15690,15690,15690,16149.0,15690,15690,16149.0,15690,11999,11790,15659,15659
https://www.flipkart.com/lg-32-l-convection-microwave-oven/p/itmegvvbwfgdfysz?pid=MRCEGVVBVVT8VT8J&lid=LSTMRCEGVVBVVT8VT8JIVBOFX&marketplace=FLIPKART&q=convection+microwave+oven&store=search.flipkart.com%2Fj9e%2Fm38%2Fo49&srno=s_3_60&otracker=AS_QueryStore_OrganicAutoSuggest_2_14_na_na_na&otracker1=AS_QueryStore_OrganicAutoSuggest_2_14_na_na_na&fm=organic&iid=en_gIQDMrGqHriYEEeGIoNc4JaVtuT1IhDiNkWpN%2Bv%2BNvQtNK45BpZ8xJXiUzOflmkNuj9aWYX1qfmgLHddUZJJsg%3D%3D&ppt=None&ppn=None&ssid=db3kwsypmo0000001660163815419&qH=13c5528d0fa99c03,LG 32 L Convection Microwave Oven,16149,16149,16149,16149,23869.0,16149,16149,23869.0,16149,16149,16149,16149,16149
https://www.flipkart.com/lg-32-l-convection-microwave-oven/p/itm852c90e25fcd3?pid=MRCFMKHWH29U4FSM&lid=LSTMRCFMKHWH29U4FSMUFJWQA&marketplace=FLIPKART&q=convection+microwave+oven&store=search.flipkart.com%2Fj9e%2Fm38%2Fo49&srno=s_3_61&otracker=AS_QueryStore_OrganicAutoSuggest_2_14_na_na_na&otracker1=AS_QueryStore_OrganicAutoSuggest_2_14_na_na_na&fm=organic&iid=f2a96141-f651-4b2f-950a-123112ed4d12.MRCFMKHWH29U4FSM.SEARCH&ppt=None&ppn=None&ssid=db3kwsypmo0000001660163815419&qH=13c5528d0fa99c03,LG 32 L Convection Microwave Oven,23869,23869,23869,23869,13490.0,23869,23869,13490.0,23869,23869,23869,23869,23869
https://www.flipkart.com/whirlpool-25-l-convection-microwave-oven/p/itme3g39qzpwxrcp?pid=MRCE3G37RETGHZMT&lid=LSTMRCE3G37RETGHZMTA283J5&marketplace=FLIPKART&q=convection+microwave+oven&store=search.flipkart.com%2Fj9e%2Fm38%2Fo49&srno=s_3_62&otracker=AS_QueryStore_OrganicAutoSuggest_2_14_na_na_na&otracker1=AS_QueryStore_OrganicAutoSuggest_2_14_na_na_na&fm=organic&iid=f2a96141-f651-4b2f-950a-123112ed4d12.MRCE3G37RETGHZMT.SEARCH&ppt=None&ppn=None&ssid=db3kwsypmo0000001660163815419&qH=13c5528d0fa99c03,Whirlpool 25 L Convection Microwave Oven,13490,13490,12149,13490,12149.0,13490,13490,12149.0,13490,13490,13490,13490,13490
https://www.flipkart.com/ifb-20-l-convection-microwave-oven/p/itmef3kdfhkc4zug?pid=MRCEF3KDVTDQP69D&lid=LSTMRCEF3KDVTDQP69DGSDHRX&marketplace=FLIPKART&q=convection+microwave+oven&store=search.flipkart.com%2Fj9e%2Fm38%2Fo49&srno=s_3_63&otracker=AS_QueryStore_OrganicAutoSuggest_2_14_na_na_na&otracker1=AS_QueryStore_OrganicAutoSuggest_2_14_na_na_na&fm=organic&iid=f2a96141-f651-4b2f-950a-123112ed4d12.MRCEF3KDVTDQP69D.SEARCH&ppt=None&ppn=None&ssid=db3kwsypmo0000001660163815419&qH=13c5528d0fa99c03,IFB 20 L Convection Microwave Oven,12199,12149,13490,12149,15990.0,12149,12149,15990.0,12149,12149,12149,12149,12149
https://www.flipkart.com/lg-32-l-convection-microwave-oven/p/itmegvvbghgbw6kf?pid=MRCEGVVBSGYFZ4FN&lid=LSTMRCEGVVBSGYFZ4FNUXUUI7&marketplace=FLIPKART&q=convection+microwave+oven&store=search.flipkart.com%2Fj9e%2Fm38%2Fo49&srno=s_3_64&otracker=AS_QueryStore_OrganicAutoSuggest_2_14_na_na_na&otracker1=AS_QueryStore_OrganicAutoSuggest_2_14_na_na_na&fm=organic&iid=en_gIQDMrGqHriYEEeGIoNc4JaVtuT1IhDiNkWpN%2Bv%2BNvTnu5dxFxbrDZ4NyCSeAerPpQp1wClsikCOq8Kqu68tTA%3D%3D&ppt=None&ppn=None&ssid=db3kwsypmo0000001660163815419&qH=13c5528d0fa99c03,LG 32 L Convection Microwave Oven,15990,15990,15990,15990,17990.0,15990,15990,17990.0,15990,15990,15990,15990,15990
https://www.flipkart.com/lg-28-l-convection-microwave-oven/p/itmfdg8suzg3qmvw?pid=MRCFDHWGPA2ZUS3A&lid=LSTMRCFDHWGPA2ZUS3ARHPXC8&marketplace=FLIPKART&q=convection+microwave+oven&store=search.flipkart.com%2Fj9e%2Fm38%2Fo49&srno=s_3_65&otracker=AS_QueryStore_OrganicAutoSuggest_2_14_na_na_na&otracker1=AS_QueryStore_OrganicAutoSuggest_2_14_na_na_na&fm=organic&iid=f2a96141-f651-4b2f-950a-123112ed4d12.MRCFDHWGPA2ZUS3A.SEARCH&ppt=None&ppn=None&ssid=db3kwsypmo0000001660163815419&qH=13c5528d0fa99c03,LG 28 L Convection Microwave Oven,17990,17990,17990,17990,11999.0,17990,17990,11400.0,17990,17890,17890,17890,17859
https://www.flipkart.com/samsung-21-l-convection-microwave-oven/p/itmejwkgrg764wjf?pid=MRCEJWKGGSPRUZ9U&lid=LSTMRCEJWKGGSPRUZ9UCN2KNO&marketplace=FLIPKART&q=convection+microwave+oven&store=search.flipkart.com%2Fj9e%2Fm38%2Fo49&srno=s_3_66&otracker=AS_QueryStore_OrganicAutoSuggest_2_14_na_na_na&otracker1=AS_QueryStore_OrganicAutoSuggest_2_14_na_na_na&fm=organic&iid=f2a96141-f651-4b2f-950a-123112ed4d12.MRCEJWKGGSPRUZ9U.SEARCH&ppt=None&ppn=None&ssid=db3kwsypmo0000001660163815419&qH=13c5528d0fa99c03,SAMSUNG 21 L Convection Microwave Oven,11999,11999,11999,11999,14890.0,11999,11400,14890.0,11400,11590,11590,11590,11590
https://www.flipkart.com/godrej-30-l-convection-microwave-oven/p/itm981b1a4907f40?pid=MRCFXFZGGZR6T77P&lid=LSTMRCFXFZGGZR6T77P2N3UE0&marketplace=FLIPKART&q=convection+microwave+oven&store=search.flipkart.com%2Fj9e%2Fm38%2Fo49&srno=s_3_67&otracker=AS_QueryStore_OrganicAutoSuggest_2_14_na_na_na&otracker1=AS_QueryStore_OrganicAutoSuggest_2_14_na_na_na&fm=organic&iid=f2a96141-f651-4b2f-950a-123112ed4d12.MRCFXFZGGZR6T77P.SEARCH&ppt=None&ppn=None&ssid=db3kwsypmo0000001660163815419&qH=13c5528d0fa99c03,Godrej 30 L Convection Microwave Oven,14890,14890,15490,14890,15490.0,14890,14890,15490.0,14890,14890,14890,14890,14890
https://www.flipkart.com/samsung-28-l-convection-microwave-oven/p/itm2f7daba92aca8?pid=MRCGDAVXZXKCNBB8&lid=LSTMRCGDAVXZXKCNBB8X49XT5&marketplace=FLIPKART&q=convection+microwave+oven&store=search.flipkart.com%2Fj9e%2Fm38%2Fo49&srno=s_3_68&otracker=AS_QueryStore_OrganicAutoSuggest_2_14_na_na_na&otracker1=AS_QueryStore_OrganicAutoSuggest_2_14_na_na_na&fm=organic&iid=en_gIQDMrGqHriYEEeGIoNc4JaVtuT1IhDiNkWpN%2Bv%2BNvQ206BHQlvf9jFlxdXmSgFZzcchw7gdIpt44543HJrBig%3D%3D&ppt=None&ppn=None&ssid=db3kwsypmo0000001660163815419&qH=13c5528d0fa99c03,SAMSUNG 28 L Convection Microwave Oven,20990,15490,14890,15490,21800.0,15490,15490,21800.0,15490,15490,15490,15490,21800
https://www.flipkart.com/samsung-32-l-convection-microwave-oven/p/itmf64jskk6yvwdd?pid=MRCF64JSECGP934R&lid=LSTMRCF64JSECGP934RHMJRO2&marketplace=FLIPKART&q=convection+microwave+oven&store=search.flipkart.com%2Fj9e%2Fm38%2Fo49&srno=s_3_69&otracker=AS_QueryStore_OrganicAutoSuggest_2_14_na_na_na&otracker1=AS_QueryStore_OrganicAutoSuggest_2_14_na_na_na&fm=organic&iid=f2a96141-f651-4b2f-950a-123112ed4d12.MRCF64JSECGP934R.SEARCH&ppt=None&ppn=None&ssid=db3kwsypmo0000001660163815419&qH=13c5528d0fa99c03,SAMSUNG 32 L Convection Microwave Oven,21450,21800,10870,21800,10870.0,21800,21800,10860.0,21800,21800,21800,21800,15490
https://www.flipkart.com/samsung-21-l-convection-microwave-oven/p/itmdwdmndxx5dare?pid=MRCDWBZXREDGU8JY&lid=LSTMRCDWBZXREDGU8JYEDR6VE&marketplace=FLIPKART&q=convection+microwave+oven&store=search.flipkart.com%2Fj9e%2Fm38%2Fo49&srno=s_3_70&otracker=AS_QueryStore_OrganicAutoSuggest_2_14_na_na_na&otracker1=AS_QueryStore_OrganicAutoSuggest_2_14_na_na_na&fm=organic&iid=f2a96141-f651-4b2f-950a-123112ed4d12.MRCDWBZXREDGU8JY.SEARCH&ppt=None&ppn=None&ssid=db3kwsypmo0000001660163815419&qH=13c5528d0fa99c03,SAMSUNG 21 L Convection Microwave Oven,10880,10870,21800,10870,15680.0,10870,10860,15680.0,10860,10860,10860,10880,10880
https://www.flipkart.com/lg-28-l-convection-microwave-oven/p/itm990403bd4cb89?pid=MRCFUXWCZ4H5QE5D&lid=LSTMRCFUXWCZ4H5QE5DJPUJGX&marketplace=FLIPKART&q=convection+microwave+oven&store=search.flipkart.com%2Fj9e%2Fm38%2Fo49&srno=s_3_71&otracker=AS_QueryStore_OrganicAutoSuggest_2_14_na_na_na&otracker1=AS_QueryStore_OrganicAutoSuggest_2_14_na_na_na&fm=organic&iid=f2a96141-f651-4b2f-950a-123112ed4d12.MRCFUXWCZ4H5QE5D.SEARCH&ppt=None&ppn=None&ssid=db3kwsypmo0000001660163815419&qH=13c5528d0fa99c03,LG 28 L Convection Microwave Oven,15680,15680,15680,15680,15390.0,15680,15390,10490.0,15680,15339,15680,15680,15680
https://www.flipkart.com/lg-28-l-convection-microwave-oven/p/itmejy9afxsgvzvh?pid=MRCEJY9AF8FJRZTB&lid=LSTMRCEJY9AF8FJRZTB4QNSB9&marketplace=FLIPKART&q=convection+microwave+oven&store=search.flipkart.com%2Fj9e%2Fm38%2Fo49&srno=s_3_72&otracker=AS_QueryStore_OrganicAutoSuggest_2_14_na_na_na&otracker1=AS_QueryStore_OrganicAutoSuggest_2_14_na_na_na&fm=organic&iid=en_gIQDMrGqHriYEEeGIoNc4JaVtuT1IhDiNkWpN%2Bv%2BNvQIi0jdW3ka5K4BPMQ1F9OdOWKOzTEFmV6Ecs%2Fv%2BLsy%2FA%3D%3D&ppt=None&ppn=None&ssid=db3kwsypmo0000001660163815419&qH=13c5528d0fa99c03,LG 28 L Convection Microwave Oven,15339,15390,15390,15390,10490.0,15390,15680,15390.0,10490,15680,15339,15339,15339
https://www.flipkart.com/whirlpool-20-l-convection-microwave-oven/p/itm8aeca5b67fb09?pid=MRCFVGQ78ZCDSZPY&lid=LSTMRCFVGQ78ZCDSZPYTFKTJ0&marketplace=FLIPKART&q=convection+microwave+oven&store=j9e%2Fm38%2Fo49&srno=s_4_73&otracker=AS_QueryStore_OrganicAutoSuggest_2_14_na_na_na&otracker1=AS_QueryStore_OrganicAutoSuggest_2_14_na_na_na&fm=organic&iid=c9066340-f68f-4598-91ec-e1993adaa0c6.MRCFVGQ78ZCDSZPY.SEARCH&ppt=None&ppn=None&ssid=dp4ib3ia9c0000001660163818235&qH=13c5528d0fa99c03,Whirlpool 20 L Convection Microwave Oven,10490,10490,10490,10490,9999.0,10490,10490,9999.0,15390,10490,10490,10490,10490
https://www.flipkart.com/morphy-richards-30-l-200-auto-cook-menu-convection-microwave-oven/p/itmdwys8pahhpfap?pid=MRCDWYS5ATGJHVPJ&lid=LSTMRCDWYS5ATGJHVPJZRD04S&marketplace=FLIPKART&q=convection+microwave+oven&store=j9e%2Fm38%2Fo49&srno=s_4_74&otracker=AS_QueryStore_OrganicAutoSuggest_2_14_na_na_na&otracker1=AS_QueryStore_OrganicAutoSuggest_2_14_na_na_na&fm=organic&iid=c9066340-f68f-4598-91ec-e1993adaa0c6.MRCDWYS5ATGJHVPJ.SEARCH&ppt=None&ppn=None&ssid=dp4ib3ia9c0000001660163818235&qH=13c5528d0fa99c03,Morphy Richards 30 L 200 Auto cook menu Convection Microwave Oven,14999,9999,14999,9999,14950.0,9999,9999,14950.0,9999,14950,9999,9999,9999
https://www.flipkart.com/ifb-25-l-convection-microwave-oven/p/itmeftrwma66wgp9?pid=MRCEFTRWR7ZQA43Q&lid=LSTMRCEFTRWR7ZQA43QOOUWYT&marketplace=FLIPKART&q=convection+microwave+oven&store=j9e%2Fm38%2Fo49&srno=s_4_75&otracker=AS_QueryStore_OrganicAutoSuggest_2_14_na_na_na&otracker1=AS_QueryStore_OrganicAutoSuggest_2_14_na_na_na&fm=organic&iid=c9066340-f68f-4598-91ec-e1993adaa0c6.MRCEFTRWR7ZQA43Q.SEARCH&ppt=None&ppn=None&ssid=dp4ib3ia9c0000001660163818235&qH=13c5528d0fa99c03,IFB 25 L Convection Microwave Oven,14950,14950,14950,14950,11790.0,14950,14950,11790.0,14950,11790,14950,11790,14950
https://www.flipkart.com/lg-28-l-convection-microwave-oven/p/itmew8zysndynd86?pid=MRCEW8ZYMU2AMKZX&lid=LSTMRCEW8ZYMU2AMKZXUCHC3U&marketplace=FLIPKART&q=convection+microwave+oven&store=j9e%2Fm38%2Fo49&srno=s_4_76&otracker=AS_QueryStore_OrganicAutoSuggest_2_14_na_na_na&otracker1=AS_QueryStore_OrganicAutoSuggest_2_14_na_na_na&fm=organic&iid=en_4mvzPOA8eMDw%2BU3UB21Msbbq%2BkEJ344lHtNWlMq5K34d2QgoWKVy0Ag5MlkBwIaB3CvgM92lf0pJAQ6KtJ373A%3D%3D&ppt=None&ppn=None&ssid=dp4ib3ia9c0000001660163818235&qH=13c5528d0fa99c03,LG 28 L Convection Microwave Oven,11790,11790,11790,11790,12290.0,11790,11790,19390.0,11790,9999,11790,19390,11790
https://www.flipkart.com/samsung-28-l-convection-microwave-oven/p/itm41fd60ceba3ef?pid=MRCFMTCMRHU2NYTZ&lid=LSTMRCFMTCMRHU2NYTZBUJIXY&marketplace=FLIPKART&q=convection+microwave+oven&store=j9e%2Fm38%2Fo49&srno=s_4_77&otracker=AS_QueryStore_OrganicAutoSuggest_2_14_na_na_na&otracker1=AS_QueryStore_OrganicAutoSuggest_2_14_na_na_na&fm=organic&iid=c9066340-f68f-4598-91ec-e1993adaa0c6.MRCFMTCMRHU2NYTZ.SEARCH&ppt=None&ppn=None&ssid=dp4ib3ia9c0000001660163818235&qH=13c5528d0fa99c03,SAMSUNG 28 L Convection Microwave Oven,19390,19390,19390,19390,19390.0,19390,19390,12290.0,19390,19390,19390,14950,19778
https://www.flipkart.com/ifb-25-l-convection-microwave-oven/p/itmdwmvzahezhscr?pid=MRCDWK8THQFHRSP9&lid=LSTMRCDWK8THQFHRSP93CLSFQ&marketplace=FLIPKART&q=convection+microwave+oven&store=j9e%2Fm38%2Fo49&srno=s_4_78&otracker=AS_QueryStore_OrganicAutoSuggest_2_14_na_na_na&otracker1=AS_QueryStore_OrganicAutoSuggest_2_14_na_na_na&fm=organic&iid=c9066340-f68f-4598-91ec-e1993adaa0c6.MRCDWK8THQFHRSP9.SEARCH&ppt=None&ppn=None&ssid=dp4ib3ia9c0000001660163818235&qH=13c5528d0fa99c03,IFB 25 L Convection Microwave Oven,12290,12290,12290,12290,17990.0,12290,19500,19500.0,12290,12290,12290,12290,12290
https://www.flipkart.com/samsung-28-l-convection-microwave-oven/p/itmf64jskc6uab5g?pid=MRCF64JSKHQ6FDNH&lid=LSTMRCF64JSKHQ6FDNHTDBNWV&marketplace=FLIPKART&q=convection+microwave+oven&store=j9e%2Fm38%2Fo49&srno=s_4_79&otracker=AS_QueryStore_OrganicAutoSuggest_2_14_na_na_na&otracker1=AS_QueryStore_OrganicAutoSuggest_2_14_na_na_na&fm=organic&iid=c9066340-f68f-4598-91ec-e1993adaa0c6.MRCF64JSKHQ6FDNH.SEARCH&ppt=None&ppn=None&ssid=dp4ib3ia9c0000001660163818235&qH=13c5528d0fa99c03,SAMSUNG 28 L Convection Microwave Oven,17990,17990,17990,17990,16149.0,17990,12290,10860.0,19500,19500,19500,19500,19500
https://www.flipkart.com/lg-32-l-convection-microwave-oven/p/itmegvvbwfgdfysz?pid=MRCEGVVBVVT8VT8J&lid=LSTMRCEGVVBVVT8VT8JIVBOFX&marketplace=FLIPKART&q=convection+microwave+oven&store=j9e%2Fm38%2Fo49&srno=s_4_80&otracker=AS_QueryStore_OrganicAutoSuggest_2_14_na_na_na&otracker1=AS_QueryStore_OrganicAutoSuggest_2_14_na_na_na&fm=organic&iid=en_4mvzPOA8eMDw%2BU3UB21Msbbq%2BkEJ344lHtNWlMq5K35cVyuUAf1qcBGm1sdk2LxXuj9aWYX1qfmgLHddUZJJsg%3D%3D&ppt=None&ppn=None&ssid=dp4ib3ia9c0000001660163818235&qH=13c5528d0fa99c03,LG 32 L Convection Microwave Oven,16149,16149,16149,16149,12199.0,16149,16149,11500.0,16149,16149,16149,16149,16149
https://www.flipkart.com/whirlpool-25-l-convection-microwave-oven/p/itme3g39wakhht92?pid=MRCE3G37W4GAWJP2&lid=LSTMRCE3G37W4GAWJP2UHRWTS&marketplace=FLIPKART&q=convection+microwave+oven&store=j9e%2Fm38%2Fo49&srno=s_4_81&otracker=AS_QueryStore_OrganicAutoSuggest_2_14_na_na_na&otracker1=AS_QueryStore_OrganicAutoSuggest_2_14_na_na_na&fm=organic&iid=c9066340-f68f-4598-91ec-e1993adaa0c6.MRCE3G37W4GAWJP2.SEARCH&ppt=None&ppn=None&ssid=dp4ib3ia9c0000001660163818235&qH=13c5528d0fa99c03,Whirlpool 25 L Convection Microwave Oven,12199,12199,12199,10870,10870.0,12199,12199,29399.0,12199,12199,12199,12199,12199
https://www.flipkart.com/samsung-21-l-convection-microwave-oven/p/itmdwdmndxx5dare?pid=MRCDWBZXREDGU8JY&lid=LSTMRCDWBZXREDGU8JYEDR6VE&marketplace=FLIPKART&q=convection+microwave+oven&store=j9e%2Fm38%2Fo49&srno=s_4_82&otracker=AS_QueryStore_OrganicAutoSuggest_2_14_na_na_na&otracker1=AS_QueryStore_OrganicAutoSuggest_2_14_na_na_na&fm=organic&iid=c9066340-f68f-4598-91ec-e1993adaa0c6.MRCDWBZXREDGU8JY.SEARCH&ppt=None&ppn=None&ssid=dp4ib3ia9c0000001660163818235&qH=13c5528d0fa99c03,SAMSUNG 21 L Convection Microwave Oven,10880,10870,10870,12199,12699.0,10870,10860,15490.0,10860,10860,10860,10880,10880
https://www.flipkart.com/samsung-21-l-convection-microwave-oven/p/itmejwkgrg764wjf?pid=MRCEJWKGGSPRUZ9U&lid=LSTMRCEJWKGGSPRUZ9UEFDQIW&marketplace=FLIPKART&q=convection+microwave+oven&store=j9e%2Fm38%2Fo49&srno=s_4_83&otracker=AS_QueryStore_OrganicAutoSuggest_2_14_na_na_na&otracker1=AS_QueryStore_OrganicAutoSuggest_2_14_na_na_na&fm=organic&iid=c9066340-f68f-4598-91ec-e1993adaa0c6.MRCEJWKGGSPRUZ9U.SEARCH&ppt=None&ppn=None&ssid=dp4ib3ia9c0000001660163818235&qH=13c5528d0fa99c03,SAMSUNG 21 L Convection Microwave Oven,12699,12699,12699,12699,15990.0,12699,12699,14999.0,12699,12699,12699,12699,12699
https://www.flipkart.com/lg-32-l-convection-microwave-oven/p/itmegvvbghgbw6kf?pid=MRCEGVVBSGYFZ4FN&lid=LSTMRCEGVVBSGYFZ4FNUXUUI7&marketplace=FLIPKART&q=convection+microwave+oven&store=j9e%2Fm38%2Fo49&srno=s_4_84&otracker=AS_QueryStore_OrganicAutoSuggest_2_14_na_na_na&otracker1=AS_QueryStore_OrganicAutoSuggest_2_14_na_na_na&fm=organic&iid=en_4mvzPOA8eMDw%2BU3UB21Msbbq%2BkEJ344lHtNWlMq5K34rkOGFOpD%2Fl6f3dbdhH7SXpQp1wClsikCOq8Kqu68tTA%3D%3D&ppt=None&ppn=None&ssid=dp4ib3ia9c0000001660163818235&qH=13c5528d0fa99c03,LG 32 L Convection Microwave Oven,15990,15990,11500,15990,14499.0,15990,15990,10990.0,15990,15990,15990,15990,15990
https://www.flipkart.com/samsung-28-l-convection-microwave-oven/p/itmeezw9cxva26vn?pid=MRCEEZW9PAUMR5FH&lid=LSTMRCEEZW9PAUMR5FHSRRM3D&marketplace=FLIPKART&q=convection+microwave+oven&store=j9e%2Fm38%2Fo49&srno=s_4_85&otracker=AS_QueryStore_OrganicAutoSuggest_2_14_na_na_na&otracker1=AS_QueryStore_OrganicAutoSuggest_2_14_na_na_na&fm=organic&iid=c9066340-f68f-4598-91ec-e1993adaa0c6.MRCEEZW9PAUMR5FH.SEARCH&ppt=None&ppn=None&ssid=dp4ib3ia9c0000001660163818235&qH=13c5528d0fa99c03,SAMSUNG 28 L Convection Microwave Oven,14399,14499,14499,14499,11500.0,14499,14499,15390.0,14499,14499,14499,14499,14499
https://www.flipkart.com/panasonic-20-l-convection-microwave-oven/p/itme26mkfjz9xff5?pid=MRCE26MJYGMYMZY7&lid=LSTMRCE26MJYGMYMZY7CSXK1K&marketplace=FLIPKART&q=convection+microwave+oven&store=j9e%2Fm38%2Fo49&srno=s_4_86&otracker=AS_QueryStore_OrganicAutoSuggest_2_14_na_na_na&otracker1=AS_QueryStore_OrganicAutoSuggest_2_14_na_na_na&fm=organic&iid=c9066340-f68f-4598-91ec-e1993adaa0c6.MRCE26MJYGMYMZY7.SEARCH&ppt=None&ppn=None&ssid=dp4ib3ia9c0000001660163818235&qH=13c5528d0fa99c03,Panasonic 20 L Convection Microwave Oven,11500,11500,29399,11500,29399.0,11500,11500,10431.0,11500,11500,11500,11500,11500
https://www.flipkart.com/samsung-35-l-convection-microwave-oven/p/itme77m5dyynw8hj?pid=MRCE77M5EHE7WQN4&lid=LSTMRCE77M5EHE7WQN4IB9AGK&marketplace=FLIPKART&q=convection+microwave+oven&store=j9e%2Fm38%2Fo49&srno=s_4_87&otracker=AS_QueryStore_OrganicAutoSuggest_2_14_na_na_na&otracker1=AS_QueryStore_OrganicAutoSuggest_2_14_na_na_na&fm=organic&iid=c9066340-f68f-4598-91ec-e1993adaa0c6.MRCE77M5EHE7WQN4.SEARCH&ppt=None&ppn=None&ssid=dp4ib3ia9c0000001660163818235&qH=13c5528d0fa99c03,SAMSUNG 35 L Convection Microwave Oven,31500,29399,15990,29399,15490.0,29399,29399,16699.0,29399,29399,29399,29399,29399
https://www.flipkart.com/samsung-28-l-convection-microwave-oven/p/itm2f7daba92aca8?pid=MRCGDAVXZXKCNBB8&lid=LSTMRCGDAVXZXKCNBB8X49XT5&marketplace=FLIPKART&q=convection+microwave+oven&store=j9e%2Fm38%2Fo49&srno=s_4_88&otracker=AS_QueryStore_OrganicAutoSuggest_2_14_na_na_na&otracker1=AS_QueryStore_OrganicAutoSuggest_2_14_na_na_na&fm=organic&iid=en_4mvzPOA8eMDw%2BU3UB21Msbbq%2BkEJ344lHtNWlMq5K36QCXZM2hOO9YDGhdSvv7pmzcchw7gdIpt44543HJrBig%3D%3D&ppt=None&ppn=None&ssid=dp4ib3ia9c0000001660163818235&qH=13c5528d0fa99c03,SAMSUNG 28 L Convection Microwave Oven,20990,15490,15490,14980,14999.0,14999,15490,12199.0,15490,15490,15490,15490,14999
https://www.flipkart.com/panasonic-27-l-convection-microwave-oven/p/itme26mkyc8gffss?pid=MRCE26MJDC3AFGZF&lid=LSTMRCE26MJDC3AFGZFSCIRJ7&marketplace=FLIPKART&q=convection+microwave+oven&store=j9e%2Fm38%2Fo49&srno=s_4_89&otracker=AS_QueryStore_OrganicAutoSuggest_2_14_na_na_na&otracker1=AS_QueryStore_OrganicAutoSuggest_2_14_na_na_na&fm=organic&iid=c9066340-f68f-4598-91ec-e1993adaa0c6.MRCE26MJDC3AFGZF.SEARCH&ppt=None&ppn=None&ssid=dp4ib3ia9c0000001660163818235&qH=13c5528d0fa99c03,Panasonic 27 L Convection Microwave Oven,14989,14980,14980,15490,10990.0,15490,14989,12699.0,14999,14999,14999,14999,15490
https://www.flipkart.com/samsung-28-l-convection-grill-microwave-oven/p/itmf5c4ad553ee4c?pid=MRCDX7VJZHYXP6XK&lid=LSTMRCDX7VJZHYXP6XKOEBY0I&marketplace=FLIPKART&q=convection+microwave+oven&store=j9e%2Fm38%2Fo49&srno=s_4_90&otracker=AS_QueryStore_OrganicAutoSuggest_2_14_na_na_na&otracker1=AS_QueryStore_OrganicAutoSuggest_2_14_na_na_na&fm=organic&iid=c9066340-f68f-4598-91ec-e1993adaa0c6.MRCDX7VJZHYXP6XK.SEARCH&ppt=None&ppn=None&ssid=dp4ib3ia9c0000001660163818235&qH=13c5528d0fa99c03,SAMSUNG 28 L Convection & Grill Microwave Oven,11190,10990,10990,10990,10431.0,10990,10990,15990.0,10990,11190,11190,11190,11190
https://www.flipkart.com/samsung-28-l-slim-fry-convection-grill-microwave-oven/p/itm34fc35170ad79?pid=MRCDZM93KNYFE6XN&lid=LSTMRCDZM93KNYFE6XNFEORYA&marketplace=FLIPKART&q=convection+microwave+oven&store=j9e%2Fm38%2Fo49&srno=s_4_91&otracker=AS_QueryStore_OrganicAutoSuggest_2_14_na_na_na&otracker1=AS_QueryStore_OrganicAutoSuggest_2_14_na_na_na&fm=organic&iid=c9066340-f68f-4598-91ec-e1993adaa0c6.MRCDZM93KNYFE6XN.SEARCH&ppt=None&ppn=None&ssid=dp4ib3ia9c0000001660163818235&qH=13c5528d0fa99c03,SAMSUNG 28 L Slim Fry Convection & Grill Microwave Oven,11890,10431,10431,10431,15390.0,10431,10431,14499.0,10431,11890,11890,11890,11890
https://www.flipkart.com/lg-28-l-convection-microwave-oven/p/itmejy9afxsgvzvh?pid=MRCEJY9AF8FJRZTB&lid=LSTMRCEJY9AF8FJRZTB4QNSB9&marketplace=FLIPKART&q=convection+microwave+oven&store=j9e%2Fm38%2Fo49&srno=s_4_92&otracker=AS_QueryStore_OrganicAutoSuggest_2_14_na_na_na&otracker1=AS_QueryStore_OrganicAutoSuggest_2_14_na_na_na&fm=organic&iid=en_4mvzPOA8eMDw%2BU3UB21Msbbq%2BkEJ344lHtNWlMq5K3508Ls64C%2Bc%2BHk71L7s9TzzOWKOzTEFmV6Ecs%2Fv%2BLsy%2FA%3D%3D&ppt=None&ppn=None&ssid=dp4ib3ia9c0000001660163818235&qH=13c5528d0fa99c03,LG 28 L Convection Microwave Oven,15339,15390,15390,15390,16699.0,15390,15390,16149.0,15390,15339,15339,15339,15339
https://www.flipkart.com/samsung-28-l-convection-grill-microwave-oven/p/itmc6cc053cb0d63?pid=MRCGAPRHQP3FVASF&lid=LSTMRCGAPRHQP3FVASFRP3C5C&marketplace=FLIPKART&q=convection+microwave+oven&store=j9e%2Fm38%2Fo49&srno=s_4_93&otracker=AS_QueryStore_OrganicAutoSuggest_2_14_na_na_na&otracker1=AS_QueryStore_OrganicAutoSuggest_2_14_na_na_na&fm=organic&iid=c9066340-f68f-4598-91ec-e1993adaa0c6.MRCGAPRHQP3FVASF.SEARCH&ppt=None&ppn=None&ssid=dp4ib3ia9c0000001660163818235&qH=13c5528d0fa99c03,SAMSUNG 28 L Convection & Grill Microwave Oven,16799,16699,16699,13399,13399.0,13399,16699,13399.0,16699,16699,16699,16699,16699
https://www.flipkart.com/godrej-33-l-convection-grill-microwave-oven/p/itmabe69548f57c7?pid=MRCGF4FSENFFZJ3W&lid=LSTMRCGF4FSENFFZJ3WIXPRB6&marketplace=FLIPKART&q=convection+microwave+oven&store=j9e%2Fm38%2Fo49&srno=s_4_94&otracker=AS_QueryStore_OrganicAutoSuggest_2_14_na_na_na&otracker1=AS_QueryStore_OrganicAutoSuggest_2_14_na_na_na&fm=organic&iid=c9066340-f68f-4598-91ec-e1993adaa0c6.MRCGF4FSENFFZJ3W.SEARCH&ppt=None&ppn=None&ssid=dp4ib3ia9c0000001660163818235&qH=13c5528d0fa99c03,Godrej 33 L Convection & Grill Microwave Oven,13399,13399,13399,16699,14899.0,16699,13399,14899.0,13399,13399,13399,13399,13399
https://www.flipkart.com/godrej-30-l-convection-grill-microwave-oven/p/itmf8r27hbcfgpcx?pid=MRCFMZ5DXGBKZBTG&lid=LSTMRCFMZ5DXGBKZBTG0ZJQFI&marketplace=FLIPKART&q=convection+microwave+oven&store=j9e%2Fm38%2Fo49&srno=s_4_95&otracker=AS_QueryStore_OrganicAutoSuggest_2_14_na_na_na&otracker1=AS_QueryStore_OrganicAutoSuggest_2_14_na_na_na&fm=organic&iid=c9066340-f68f-4598-91ec-e1993adaa0c6.MRCFMZ5DXGBKZBTG.SEARCH&ppt=None&ppn=None&ssid=dp4ib3ia9c0000001660163818235&qH=13c5528d0fa99c03,Godrej 30 L Convection & Grill Microwave Oven,14899,14899,14899,14899,13990.0,14899,14899,13041.0,14899,14899,14899,14899,14899
https://www.flipkart.com/lg-28-l-convection-microwave-oven/p/itmc09c38da1a784?pid=MRCFKRJ9PEH7KZGG&lid=LSTMRCFKRJ9PEH7KZGGTWMM3X&marketplace=FLIPKART&q=convection+microwave+oven&store=j9e%2Fm38%2Fo49&srno=s_4_96&otracker=AS_QueryStore_OrganicAutoSuggest_2_14_na_na_na&otracker1=AS_QueryStore_OrganicAutoSuggest_2_14_na_na_na&fm=organic&iid=en_4mvzPOA8eMDw%2BU3UB21Msbbq%2BkEJ344lHtNWlMq5K372BeHxUaScfaIoB9UrIJ9yMe%2FBSNGzW9jSh7smxrdUhA%3D%3D&ppt=None&ppn=None&ssid=dp4ib3ia9c0000001660163818235&qH=13c5528d0fa99c03,LG 28 L Convection Microwave Oven,13990,13990,13990,13990,,13990,13041,,13041,13990,13990,13041,13990
